{"PlayerPosition":{"x":-23.577919006347658,"y":5.860739231109619},"EnemyCount":0,"PaintedWalls":[{"x":-6,"y":1,"color":""}]}